publication_date,app_name,publication_count
2025-08-31,Hey,1382
2025-08-31,Orb,581
2025-08-31,Soclly,340
2025-08-31,Firefly,79
2025-08-31,Wooo,52
2025-08-31,Fountain,9
2025-08-31,Lemonade,4
2025-08-31,LensForum,2
2025-08-31,Lens Box,2
2025-08-31,Bonsai,2
2025-08-31,Bad Art,1
2025-08-31,Focalize,1
2025-08-31,LoreWeave,1
2025-08-30,Hey,2074
2025-08-30,Orb,600
2025-08-30,Soclly,142
2025-08-30,Firefly,71
2025-08-30,Wooo,47
2025-08-30,Fountain,15
2025-08-30,Lemonade,7
2025-08-30,Lens Box,3
2025-08-30,LensForum,1
2025-08-30,LoreWeave,1
2025-08-30,Bad Art,1
2025-08-30,Bonsai,1
2025-08-29,Hey,2361
2025-08-29,Orb,595
2025-08-29,Soclly,133
2025-08-29,Firefly,103
2025-08-29,Wooo,54
2025-08-29,Fountain,15
2025-08-29,Lemonade,7
2025-08-29,Lens Box,5
2025-08-29,LensForum,2
2025-08-29,Bonsai,1
2025-08-28,Hey,2287
2025-08-28,Orb,543
2025-08-28,Soclly,136
2025-08-28,Firefly,111
2025-08-28,Wooo,51
2025-08-28,Fountain,9
2025-08-28,Lemonade,4
2025-08-28,Bonsai,3
2025-08-28,bloomers.tv,3
2025-08-28,Lens Box,3
2025-08-28,LensForum,2
2025-08-28,Rekt News,1
2025-08-27,Hey,2573
2025-08-27,Orb,533
2025-08-27,Soclly,174
2025-08-27,Firefly,110
2025-08-27,Wooo,62
2025-08-27,Lemonade,19
2025-08-27,Fountain,9
2025-08-27,Lens Box,6
2025-08-27,Bonsai,4
2025-08-27,Bad Art,2
2025-08-27,LensForum,2
2025-08-26,Hey,2395
2025-08-26,Orb,612
2025-08-26,Soclly,223
2025-08-26,Firefly,111
2025-08-26,Wooo,63
2025-08-26,Lemonade,12
2025-08-26,Fountain,9
2025-08-26,Lens Box,4
2025-08-26,LensForum,3
2025-08-26,bloomers.tv,3
2025-08-26,Bonsai,3
2025-08-26,Focalize,1
2025-08-26,Rekt News,1
2025-08-25,Hey,1900
2025-08-25,Orb,545
2025-08-25,Soclly,154
2025-08-25,Firefly,133
2025-08-25,Wooo,55
2025-08-25,Lemonade,24
2025-08-25,Fountain,7
2025-08-25,bloomers.tv,6
2025-08-25,LensForum,5
2025-08-25,Bonsai,4
2025-08-25,Lens Box,1
2025-08-24,Hey,1504
2025-08-24,Orb,608
2025-08-24,Soclly,268
2025-08-24,Firefly,110
2025-08-24,Wooo,62
2025-08-24,Lemonade,24
2025-08-24,Fountain,13
2025-08-24,bloomers.tv,8
2025-08-24,Bonsai,4
2025-08-24,Lens Box,2
2025-08-23,Hey,1782
2025-08-23,Orb,716
2025-08-23,Soclly,173
2025-08-23,Firefly,99
2025-08-23,Wooo,55
2025-08-23,Lemonade,22
2025-08-23,Fountain,12
2025-08-23,LensForum,6
2025-08-23,Lens Box,5
2025-08-23,LoreWeave,4
2025-08-23,bloomers.tv,4
2025-08-23,Bonsai,3
2025-08-23,Believr,1
2025-08-22,Hey,2139
2025-08-22,Orb,614
2025-08-22,Soclly,162
2025-08-22,Firefly,109
2025-08-22,Wooo,52
2025-08-22,Lemonade,24
2025-08-22,Bonsai,15
2025-08-22,Fountain,14
2025-08-22,bloomers.tv,9
2025-08-22,LensForum,6
2025-08-22,Lens Box,3
2025-08-22,Rekt News,1
2025-08-22,LoreWeave,1
2025-08-21,Hey,2032
2025-08-21,Orb,422
2025-08-21,Soclly,161
2025-08-21,Firefly,136
2025-08-21,Wooo,60
2025-08-21,Lemonade,22
2025-08-21,Bonsai,19
2025-08-21,Fountain,17
2025-08-21,LoreWeave,7
2025-08-21,LensForum,2
2025-08-21,Lens Box,1
2025-08-20,Hey,2056
2025-08-20,Orb,592
2025-08-20,Soclly,156
2025-08-20,Firefly,120
2025-08-20,Wooo,65
2025-08-20,Lemonade,31
2025-08-20,Bonsai,26
2025-08-20,Fountain,10
2025-08-20,Lens Box,5
2025-08-20,LoreWeave,2
2025-08-20,LensForum,2
2025-08-20,bloomers.tv,1
2025-08-20,Bad Art,1
2025-08-20,Rekt News,1
2025-08-19,Hey,2114
2025-08-19,Orb,495
2025-08-19,Soclly,131
2025-08-19,Firefly,130
2025-08-19,Wooo,53
2025-08-19,Bonsai,32
2025-08-19,Lemonade,27
2025-08-19,Fountain,11
2025-08-19,Lens Box,4
2025-08-19,Rekt News,1
2025-08-18,Hey,2281
2025-08-18,Orb,569
2025-08-18,Soclly,150
2025-08-18,Firefly,128
2025-08-18,Wooo,79
2025-08-18,Lemonade,29
2025-08-18,Fountain,12
2025-08-18,LoreWeave,6
2025-08-18,Lens Box,3
2025-08-18,Bonsai,2
2025-08-18,Bad Art,2
2025-08-18,LensForum,1
2025-08-18,bloomers.tv,1
2025-08-17,Hey,1959
2025-08-17,Orb,442
2025-08-17,Soclly,139
2025-08-17,Firefly,120
2025-08-17,Wooo,45
2025-08-17,Lemonade,27
2025-08-17,Fountain,9
2025-08-17,Lens Box,4
2025-08-17,LoreWeave,4
2025-08-17,bloomers.tv,1
2025-08-16,Hey,1777
2025-08-16,Orb,526
2025-08-16,Soclly,132
2025-08-16,Firefly,129
2025-08-16,Wooo,66
2025-08-16,Lemonade,32
2025-08-16,Bonsai,25
2025-08-16,Fountain,13
2025-08-16,Lens Box,6
2025-08-16,bloomers.tv,1
2025-08-16,Focalize,1
2025-08-15,Hey,1944
2025-08-15,Orb,564
2025-08-15,Firefly,198
2025-08-15,Soclly,148
2025-08-15,Bonsai,29
2025-08-15,Lemonade,21
2025-08-15,Fountain,18
2025-08-15,Wooo,12
2025-08-15,Lens Box,6
2025-08-15,bloomers.tv,4
2025-08-15,Rekt News,1
2025-08-14,Hey,2277
2025-08-14,Orb,477
2025-08-14,Soclly,243
2025-08-14,Firefly,107
2025-08-14,Bonsai,44
2025-08-14,Lemonade,19
2025-08-14,Fountain,10
2025-08-14,Wooo,8
2025-08-14,Lens Box,3
2025-08-14,bloomers.tv,2
2025-08-14,Bad Art,1
2025-08-14,Rekt News,1
2025-08-13,Hey,2505
2025-08-13,Orb,509
2025-08-13,Soclly,175
2025-08-13,Firefly,146
2025-08-13,Bonsai,40
2025-08-13,Fountain,24
2025-08-13,Lemonade,17
2025-08-13,Wooo,15
2025-08-13,bloomers.tv,7
2025-08-13,Lens Box,6
2025-08-13,Bad Art,1
2025-08-13,Focalize,1
2025-08-12,Hey,2740
2025-08-12,Orb,550
2025-08-12,Soclly,172
2025-08-12,Firefly,141
2025-08-12,Bonsai,41
2025-08-12,Fountain,28
2025-08-12,Lemonade,9
2025-08-12,Lens Box,6
2025-08-12,Wooo,4
2025-08-12,Bad Art,2
2025-08-12,LensForum,1
2025-08-11,Hey,3330
2025-08-11,Orb,588
2025-08-11,Firefly,174
2025-08-11,Soclly,168
2025-08-11,Bonsai,51
2025-08-11,Lemonade,17
2025-08-11,Lens Box,15
2025-08-11,Focalize,14
2025-08-11,Fountain,13
2025-08-11,Wooo,8
2025-08-11,bloomers.tv,6
2025-08-11,Bad Art,1
2025-08-10,Hey,2403
2025-08-10,Orb,535
2025-08-10,Soclly,253
2025-08-10,Firefly,152
2025-08-10,Bonsai,63
2025-08-10,Fountain,38
2025-08-10,Lemonade,22
2025-08-10,Focalize,6
2025-08-10,Lens Box,5
2025-08-10,bloomers.tv,3
2025-08-10,Wooo,2
2025-08-10,Bad Art,1
2025-08-09,Hey,2432
2025-08-09,Orb,538
2025-08-09,Soclly,172
2025-08-09,Firefly,170
2025-08-09,Bonsai,49
2025-08-09,Fountain,33
2025-08-09,Lemonade,12
2025-08-09,Lens Box,9
2025-08-09,Wooo,8
2025-08-09,Focalize,2
2025-08-09,bloomers.tv,2
2025-08-09,vellu,1
2025-08-09,Bad Art,1
2025-08-08,Hey,2648
2025-08-08,Orb,533
2025-08-08,Soclly,179
2025-08-08,Firefly,134
2025-08-08,Bonsai,62
2025-08-08,Fountain,34
2025-08-08,Lemonade,12
2025-08-08,Wooo,10
2025-08-08,Lens Box,6
2025-08-08,Bad Art,4
2025-08-08,Focalize,3
2025-08-08,bloomers.tv,3
2025-08-07,Hey,2748
2025-08-07,Orb,294
2025-08-07,Soclly,137
2025-08-07,Firefly,129
2025-08-07,Bonsai,56
2025-08-07,Fountain,35
2025-08-07,Lemonade,15
2025-08-07,Lens Box,2
2025-08-07,Rekt News,1
2025-08-06,Hey,2699
2025-08-06,Orb,322
2025-08-06,Firefly,206
2025-08-06,Soclly,141
2025-08-06,Bonsai,57
2025-08-06,Lemonade,30
2025-08-06,Fountain,29
2025-08-06,bloomers.tv,6
2025-08-06,Lens Box,5
2025-08-05,Hey,3091
2025-08-05,Orb,252
2025-08-05,Firefly,182
2025-08-05,Soclly,160
2025-08-05,Bonsai,47
2025-08-05,Lemonade,37
2025-08-05,Fountain,14
2025-08-05,Rekt News,1
2025-08-05,bloomers.tv,1
2025-08-05,Lens Box,1
2025-08-04,Hey,3466
2025-08-04,Orb,321
2025-08-04,Soclly,201
2025-08-04,Firefly,189
2025-08-04,Bonsai,35
2025-08-04,Lemonade,29
2025-08-04,Fountain,26
2025-08-04,Lens Box,17
2025-08-04,Bad Art,3
2025-08-04,bloomers.tv,1
2025-08-04,Rekt News,1
2025-08-03,Hey,2327
2025-08-03,Orb,212
2025-08-03,Soclly,167
2025-08-03,Firefly,92
2025-08-03,Bonsai,54
2025-08-03,Fountain,46
2025-08-03,Lemonade,16
2025-08-03,Lens Box,7
2025-08-03,Focalize,2
2025-08-03,Bad Art,2
2025-08-02,Hey,2148
2025-08-02,Orb,238
2025-08-02,Firefly,152
2025-08-02,Soclly,123
2025-08-02,Bonsai,71
2025-08-02,Fountain,55
2025-08-02,Lemonade,18
2025-08-02,bloomers.tv,5
2025-08-02,Bad Art,3
2025-08-02,Lens Box,2
2025-08-01,Hey,2523
2025-08-01,Orb,260
2025-08-01,Firefly,204
2025-08-01,Soclly,152
2025-08-01,Fountain,80
2025-08-01,Bonsai,72
2025-08-01,Lemonade,17
2025-08-01,Lens Box,3
2025-08-01,optic,1
2025-07-31,Hey,2741
2025-07-31,Orb,292
2025-07-31,Soclly,172
2025-07-31,Firefly,138
2025-07-31,Bonsai,32
2025-07-31,Lemonade,20
2025-07-31,Fountain,18
2025-07-31,Lens Box,8
2025-07-31,bloomers.tv,2
2025-07-31,optic,1
2025-07-30,Hey,2850
2025-07-30,Orb,312
2025-07-30,Soclly,191
2025-07-30,Firefly,146
2025-07-30,Bonsai,64
2025-07-30,Fountain,24
2025-07-30,Lemonade,18
2025-07-30,Lens Box,10
2025-07-30,optic,3
2025-07-30,bloomers.tv,2
2025-07-30,Focalize,2
2025-07-30,Rekt News,1
2025-07-29,Hey,3190
2025-07-29,Orb,272
2025-07-29,Soclly,196
2025-07-29,Firefly,132
2025-07-29,Bonsai,100
2025-07-29,Fountain,77
2025-07-29,Lemonade,27
2025-07-29,Lens Box,16
2025-07-29,optic,2
2025-07-29,Focalize,1
2025-07-29,bloomers.tv,1
2025-07-29,Bad Art,1
2025-07-28,Hey,2798
2025-07-28,Orb,287
2025-07-28,Firefly,174
2025-07-28,Soclly,170
2025-07-28,Bonsai,56
2025-07-28,Lemonade,33
2025-07-28,Fountain,33
2025-07-28,Lens Box,18
2025-07-28,Bad Art,2
2025-07-28,optic,2
2025-07-28,Believr,1
2025-07-28,Rekt News,1
2025-07-27,Hey,2501
2025-07-27,Orb,285
2025-07-27,Soclly,281
2025-07-27,Firefly,169
2025-07-27,Bonsai,101
2025-07-27,Fountain,96
2025-07-27,Lemonade,21
2025-07-27,LensForum,14
2025-07-27,Lens Box,7
2025-07-27,bloomers.tv,6
2025-07-27,optic,3
2025-07-27,w3rk-test,2
2025-07-27,Focalize,1
2025-07-26,Hey,2226
2025-07-26,Orb,298
2025-07-26,Soclly,286
2025-07-26,Firefly,132
2025-07-26,Bonsai,90
2025-07-26,Fountain,56
2025-07-26,Lemonade,18
2025-07-26,bloomers.tv,7
2025-07-26,Lens Box,6
2025-07-26,optic,1
2025-07-25,Hey,2350
2025-07-25,Orb,312
2025-07-25,Soclly,198
2025-07-25,Firefly,148
2025-07-25,Bonsai,87
2025-07-25,Fountain,68
2025-07-25,Lens Box,50
2025-07-25,Lemonade,24
2025-07-25,LensForum,3
2025-07-25,optic,3
2025-07-25,bloomers.tv,1
2025-07-24,Hey,2523
2025-07-24,Orb,352
2025-07-24,Soclly,220
2025-07-24,Firefly,118
2025-07-24,Bonsai,99
2025-07-24,Fountain,88
2025-07-24,Lemonade,28
2025-07-24,Lens Box,16
2025-07-24,LensForum,1
2025-07-23,Hey,2500
2025-07-23,Orb,340
2025-07-23,Soclly,173
2025-07-23,Firefly,156
2025-07-23,Smol Universe (Test),92
2025-07-23,Bonsai,90
2025-07-23,Fountain,53
2025-07-23,Lemonade,23
2025-07-23,Lens Box,8
2025-07-23,LensForum,2
2025-07-23,w3rk-test,1
2025-07-22,Hey,3349
2025-07-22,Orb,397
2025-07-22,Soclly,227
2025-07-22,Bonsai,157
2025-07-22,Firefly,130
2025-07-22,Lemonade,25
2025-07-22,Fountain,16
2025-07-22,Lens Box,14
2025-07-22,Focalize,6
2025-07-22,Smol Universe (Test),6
2025-07-22,bloomers.tv,2
2025-07-22,Rekt News,1
2025-07-22,Bad Art,1
2025-07-22,LensForum,1
2025-07-21,Hey,2491
2025-07-21,Orb,325
2025-07-21,Soclly,260
2025-07-21,Bonsai,131
2025-07-21,Firefly,110
2025-07-21,Fountain,51
2025-07-21,Lens Box,31
2025-07-21,Smol Universe (Test),23
2025-07-21,Lemonade,16
2025-07-21,Bad Art,13
2025-07-21,LoreWeave,2
2025-07-21,LensForum,1
2025-07-21,bloomers.tv,1
2025-07-20,Hey,2964
2025-07-20,Orb,391
2025-07-20,Soclly,198
2025-07-20,Firefly,104
2025-07-20,Bonsai,82
2025-07-20,Fountain,40
2025-07-20,Lens Box,21
2025-07-20,Lemonade,21
2025-07-20,Focalize,8
2025-07-20,bloomers.tv,2
2025-07-20,LensForum,1
2025-07-19,Hey,2654
2025-07-19,Orb,355
2025-07-19,Soclly,181
2025-07-19,Firefly,118
2025-07-19,Bonsai,73
2025-07-19,Fountain,36
2025-07-19,Lemonade,18
2025-07-19,Lens Box,10
2025-07-19,Focalize,4
2025-07-19,w3rk-test,3
2025-07-19,LoreWeave,2
2025-07-19,LensForum,1
2025-07-19,Bad Art,1
2025-07-18,Hey,2618
2025-07-18,Orb,356
2025-07-18,Soclly,262
2025-07-18,Firefly,115
2025-07-18,Bonsai,98
2025-07-18,Fountain,59
2025-07-18,Lemonade,25
2025-07-18,Lens Box,15
2025-07-18,bloomers.tv,2
2025-07-18,LensForum,1
2025-07-18,Rekt News,1
2025-07-17,Hey,2731
2025-07-17,Orb,349
2025-07-17,Soclly,196
2025-07-17,Bonsai,147
2025-07-17,Firefly,122
2025-07-17,Lemonade,35
2025-07-17,Fountain,17
2025-07-17,Lens Box,4
2025-07-17,Focalize,3
2025-07-17,w3rk-test,2
2025-07-17,Rekt News,1
2025-07-17,LensForum,1
2025-07-16,Hey,2637
2025-07-16,Orb,387
2025-07-16,Soclly,277
2025-07-16,Firefly,130
2025-07-16,Bonsai,124
2025-07-16,Fountain,49
2025-07-16,Lemonade,13
2025-07-16,Lens Box,12
2025-07-16,LensForum,1
2025-07-16,bloomers.tv,1
2025-07-15,Hey,2928
2025-07-15,Orb,454
2025-07-15,Soclly,239
2025-07-15,Firefly,103
2025-07-15,Bonsai,97
2025-07-15,Fountain,49
2025-07-15,Lemonade,41
2025-07-15,Lens Box,5
2025-07-15,Focalize,4
2025-07-15,LensForum,1
2025-07-15,Rekt News,1
2025-07-15,bloomers.tv,1
2025-07-14,Hey,2778
2025-07-14,Orb,290
2025-07-14,Soclly,276
2025-07-14,Firefly,112
2025-07-14,Bonsai,89
2025-07-14,Lemonade,55
2025-07-14,Fountain,11
2025-07-14,Lens Box,6
2025-07-14,LensForum,4
2025-07-14,bloomers.tv,1
2025-07-13,Hey,2470
2025-07-13,Orb,309
2025-07-13,Soclly,220
2025-07-13,Firefly,130
2025-07-13,Bonsai,96
2025-07-13,Lemonade,67
2025-07-13,Fountain,23
2025-07-13,Lens Box,13
2025-07-13,LensForum,5
2025-07-13,bloomers.tv,1
2025-07-12,Hey,2913
2025-07-12,Orb,288
2025-07-12,Soclly,242
2025-07-12,Bonsai,189
2025-07-12,Firefly,106
2025-07-12,Fountain,42
2025-07-12,Lemonade,26
2025-07-12,Lens Box,6
2025-07-12,LensForum,3
2025-07-12,bloomers.tv,2
2025-07-11,Hey,3139
2025-07-11,Orb,409
2025-07-11,Soclly,285
2025-07-11,Firefly,140
2025-07-11,Bonsai,103
2025-07-11,Fountain,49
2025-07-11,Lemonade,14
2025-07-11,LensForum,10
2025-07-11,Lens Box,8
2025-07-11,bloomers.tv,1
2025-07-11,Rekt News,1
2025-07-10,Soclly,8221
2025-07-10,Hey,2664
2025-07-10,Orb,512
2025-07-10,Firefly,215
2025-07-10,Bonsai,82
2025-07-10,Fountain,67
2025-07-10,LensForum,9
2025-07-10,Lens Box,4
2025-07-10,Focalize,1
2025-07-09,Soclly,5029
2025-07-09,Hey,3177
2025-07-09,Orb,467
2025-07-09,Firefly,125
2025-07-09,Bonsai,121
2025-07-09,Fountain,39
2025-07-09,LensForum,3
2025-07-09,Focalize,3
2025-07-09,bloomers.tv,2
2025-07-09,Rekt News,1
2025-07-09,Blogger,1
2025-07-09,Lens Box,1
2025-07-08,Hey,3036
2025-07-08,Orb,683
2025-07-08,Soclly,226
2025-07-08,Bonsai,217
2025-07-08,Firefly,114
2025-07-08,Fountain,60
2025-07-08,Focalize,3
2025-07-08,bloomers.tv,2
2025-07-08,Lens Box,2
2025-07-08,vellu,1
2025-07-07,Hey,3259
2025-07-07,Orb,512
2025-07-07,Bonsai,214
2025-07-07,Soclly,189
2025-07-07,Firefly,94
2025-07-07,Fountain,59
2025-07-07,bloomers.tv,4
2025-07-07,Lens Box,3
2025-07-07,w3rk-test,2
2025-07-06,Hey,2610
2025-07-06,Orb,416
2025-07-06,Soclly,227
2025-07-06,Bonsai,188
2025-07-06,Firefly,163
2025-07-06,Fountain,75
2025-07-06,Focalize,6
2025-07-06,bloomers.tv,3
2025-07-06,Lens Box,3
2025-07-05,Hey,2578
2025-07-05,Orb,636
2025-07-05,Soclly,214
2025-07-05,Firefly,197
2025-07-05,Bonsai,179
2025-07-05,Fountain,50
2025-07-05,Focalize,12
2025-07-05,bloomers.tv,3
2025-07-05,Lens Box,3
2025-07-04,Hey,2653
2025-07-04,Orb,469
2025-07-04,Bonsai,265
2025-07-04,Soclly,225
2025-07-04,Firefly,162
2025-07-04,Fountain,62
2025-07-04,Lens Box,27
2025-07-04,Focalize,4
2025-07-04,bloomers.tv,1
2025-07-03,Hey,2969
2025-07-03,Orb,527
2025-07-03,Bonsai,336
2025-07-03,Soclly,213
2025-07-03,Firefly,154
2025-07-03,Fountain,60
2025-07-03,bloomers.tv,7
2025-07-03,Lens Box,2
2025-07-03,Rekt News,2
2025-07-03,Focalize,1
2025-07-02,Hey,2851
2025-07-02,Orb,569
2025-07-02,Bonsai,295
2025-07-02,Soclly,248
2025-07-02,Firefly,184
2025-07-02,Fountain,56
2025-07-02,Focalize,13
2025-07-02,bloomers.tv,9
2025-07-02,Lens Box,4
2025-07-02,Rekt News,1
2025-07-01,Hey,3166
2025-07-01,Orb,688
2025-07-01,Soclly,309
2025-07-01,Bonsai,224
2025-07-01,Firefly,180
2025-07-01,Fountain,64
2025-07-01,bloomers.tv,14
2025-07-01,Lens Box,13
2025-07-01,Focalize,4
2025-07-01,w3rk-test,1
2025-06-30,Hey,3417
2025-06-30,Orb,579
2025-06-30,Soclly,219
2025-06-30,Bonsai,190
2025-06-30,Firefly,137
2025-06-30,Fountain,18
2025-06-30,bloomers.tv,12
2025-06-30,Lens Box,10
2025-06-30,Focalize,2
2025-06-29,Hey,3145
2025-06-29,Orb,668
2025-06-29,Bonsai,270
2025-06-29,Soclly,234
2025-06-29,Firefly,141
2025-06-29,Fountain,68
2025-06-29,Focalize,7
2025-06-29,bloomers.tv,7
2025-06-29,Lens Box,1
2025-06-29,LensForumV1,1
2025-06-28,Hey,3006
2025-06-28,Orb,589
2025-06-28,Soclly,234
2025-06-28,Bonsai,188
2025-06-28,Firefly,122
2025-06-28,Fountain,44
2025-06-28,Focalize,17
2025-06-28,bloomers.tv,14
2025-06-28,Lens Box,1
2025-06-28,Believr,1
2025-06-27,Hey,3021
2025-06-27,Orb,583
2025-06-27,Soclly,257
2025-06-27,Firefly,211
2025-06-27,Bonsai,193
2025-06-27,Fountain,23
2025-06-27,Focalize,11
2025-06-27,bloomers.tv,7
2025-06-27,pulse,3
2025-06-27,Lens Box,3
2025-06-27,Rekt News,1
2025-06-26,Hey,3441
2025-06-26,Orb,720
2025-06-26,Soclly,321
2025-06-26,Bonsai,227
2025-06-26,Firefly,155
2025-06-26,Fountain,22
2025-06-26,Focalize,14
2025-06-26,bloomers.tv,8
2025-06-26,Lens Box,3
2025-06-26,LoreWeave,2
2025-06-26,LensForumV1,2
2025-06-25,Hey,3354
2025-06-25,Orb,677
2025-06-25,Soclly,277
2025-06-25,Bonsai,277
2025-06-25,Firefly,125
2025-06-25,Fountain,71
2025-06-25,Focalize,12
2025-06-25,bloomers.tv,9
2025-06-25,Lens Box,5
2025-06-25,LensForumV1,4
2025-06-24,Hey,3355
2025-06-24,Orb,491
2025-06-24,Soclly,284
2025-06-24,Firefly,131
2025-06-24,Fountain,79
2025-06-24,Bonsai,44
2025-06-24,Focalize,15
2025-06-24,LensForumV1,11
2025-06-24,bloomers.tv,9
2025-06-24,LoreWeave,5
2025-06-24,optic,3
2025-06-24,pulse,2
2025-06-24,Rekt News,1
2025-06-24,Lens Box,1
2025-06-23,Hey,3460
2025-06-23,Orb,588
2025-06-23,Soclly,256
2025-06-23,Firefly,154
2025-06-23,Bonsai,89
2025-06-23,Fountain,68
2025-06-23,bloomers.tv,9
2025-06-23,LensForumV1,4
2025-06-23,pulse,4
2025-06-23,Focalize,2
2025-06-23,Lens Box,1
2025-06-23,LoreWeave,1
2025-06-22,Hey,3506
2025-06-22,Orb,603
2025-06-22,Soclly,208
2025-06-22,Firefly,75
2025-06-22,Bonsai,41
2025-06-22,Fountain,20
2025-06-22,bloomers.tv,9
2025-06-22,Focalize,2
2025-06-22,Lens Box,1
2025-06-21,Hey,3972
2025-06-21,Orb,724
2025-06-21,Soclly,472
2025-06-21,Firefly,90
2025-06-21,Bonsai,56
2025-06-21,bloomers.tv,53
2025-06-21,Fountain,40
2025-06-21,Focalize,3
2025-06-21,LoreWeave,3
2025-06-21,Lens Box,1
2025-06-21,vellu,1
2025-06-20,Hey,3467
2025-06-20,Orb,659
2025-06-20,Soclly,441
2025-06-20,Firefly,147
2025-06-20,Bonsai,63
2025-06-20,Fountain,58
2025-06-20,bloomers.tv,14
2025-06-20,vellu,6
2025-06-20,Lens Box,4
2025-06-20,Focalize,3
2025-06-19,Hey,4121
2025-06-19,Orb,587
2025-06-19,Soclly,220
2025-06-19,Firefly,134
2025-06-19,Bonsai,39
2025-06-19,Fountain,31
2025-06-19,bloomers.tv,9
2025-06-19,Focalize,3
2025-06-19,Lens Box,1
2025-06-19,vellu,1
2025-06-19,Believr,1
2025-06-18,Hey,3468
2025-06-18,Orb,317
2025-06-18,Soclly,285
2025-06-18,Firefly,97
2025-06-18,Bonsai,57
2025-06-18,Fountain,52
2025-06-18,bloomers.tv,6
2025-06-18,Focalize,3
2025-06-18,vellu,2
2025-06-18,Believr,1
2025-06-18,Lens Box,1
2025-06-17,Hey,3544
2025-06-17,Soclly,301
2025-06-17,Orb,295
2025-06-17,Firefly,161
2025-06-17,Bonsai,116
2025-06-17,Fountain,50
2025-06-17,bloomers.tv,9
2025-06-17,Lens Box,1
2025-06-17,vellu,1
2025-06-17,Bad Art,1
2025-06-17,Believr,1
2025-06-17,Focalize,1
2025-06-16,Hey,3912
2025-06-16,Orb,286
2025-06-16,Soclly,252
2025-06-16,Firefly,203
2025-06-16,Bonsai,54
2025-06-16,Fountain,21
2025-06-16,pulse,17
2025-06-16,bloomers.tv,7
2025-06-16,Bad Art,3
2025-06-16,Lens Box,2
2025-06-16,Believr,1
2025-06-16,Focalize,1
2025-06-15,Hey,3278
2025-06-15,Orb,301
2025-06-15,Soclly,237
2025-06-15,Firefly,76
2025-06-15,Bonsai,60
2025-06-15,Fountain,32
2025-06-15,pulse,21
2025-06-15,Lens Box,7
2025-06-15,bloomers.tv,6
2025-06-15,Focalize,2
2025-06-15,Believr,1
2025-06-14,Hey,3385
2025-06-14,Soclly,358
2025-06-14,Orb,247
2025-06-14,Firefly,191
2025-06-14,Bonsai,66
2025-06-14,Fountain,52
2025-06-14,pulse,17
2025-06-14,bloomers.tv,5
2025-06-14,Focalize,2
2025-06-14,Believr,1
2025-06-14,Lens Box,1
2025-06-13,Hey,3351
2025-06-13,Orb,312
2025-06-13,Soclly,285
2025-06-13,Firefly,161
2025-06-13,Bonsai,75
2025-06-13,Fountain,56
2025-06-13,bloomers.tv,9
2025-06-13,Lens Box,3
2025-06-13,Focalize,1
2025-06-13,Believr,1
2025-06-13,Rekt News,1
2025-06-12,Hey,3337
2025-06-12,Soclly,546
2025-06-12,Orb,259
2025-06-12,Firefly,138
2025-06-12,Bonsai,60
2025-06-12,Fountain,28
2025-06-12,bloomers.tv,13
2025-06-12,Focalize,1
2025-06-12,Lens Box,1
2025-06-12,Believr,1
2025-06-11,Hey,3606
2025-06-11,Orb,361
2025-06-11,Soclly,298
2025-06-11,Firefly,70
2025-06-11,Bonsai,47
2025-06-11,Fountain,33
2025-06-11,Bad Art,8
2025-06-11,bloomers.tv,3
2025-06-11,Lens Box,3
2025-06-11,Focalize,2
2025-06-11,Believr,1
2025-06-10,Hey,3497
2025-06-10,Soclly,450
2025-06-10,Orb,363
2025-06-10,Firefly,191
2025-06-10,Bonsai,82
2025-06-10,Fountain,54
2025-06-10,bloomers.tv,7
2025-06-10,Focalize,2
2025-06-10,Lens Box,2
2025-06-09,Hey,3354
2025-06-09,Orb,349
2025-06-09,Soclly,241
2025-06-09,Firefly,185
2025-06-09,Bonsai,106
2025-06-09,Fountain,28
2025-06-09,bloomers.tv,8
2025-06-09,Focalize,3
2025-06-09,Bad Art,3
2025-06-09,Lens Box,2
2025-06-09,vellu,1
2025-06-09,Rekt News,1
2025-06-09,Believr,1
2025-06-08,Hey,3532
2025-06-08,Orb,373
2025-06-08,Soclly,324
2025-06-08,Firefly,157
2025-06-08,Bonsai,124
2025-06-08,Fountain,81
2025-06-08,bloomers.tv,8
2025-06-08,Lens Box,6
2025-06-08,vellu,2
2025-06-08,Clash of Lens,2
2025-06-08,Focalize,2
2025-06-08,Bad Art,2
2025-06-08,pulse,2
2025-06-08,Believr,1
2025-06-07,Hey,3459
2025-06-07,Orb,373
2025-06-07,Soclly,266
2025-06-07,Firefly,99
2025-06-07,Bonsai,81
2025-06-07,Fountain,75
2025-06-07,bloomers.tv,17
2025-06-07,Lens Box,5
2025-06-07,Focalize,4
2025-06-07,vellu,1
2025-06-06,Hey,3668
2025-06-06,Orb,355
2025-06-06,Soclly,310
2025-06-06,Firefly,212
2025-06-06,Bonsai,40
2025-06-06,Fountain,37
2025-06-06,bloomers.tv,8
2025-06-06,optic,6
2025-06-06,Lens Prophet Lab,4
2025-06-06,Focalize,3
2025-06-06,Believr,2
2025-06-06,vellu,1
2025-06-06,Lens Box,1
2025-06-06,Rekt News,1
2025-06-06,Bad Art,1
2025-06-05,Hey,3833
2025-06-05,Orb,434
2025-06-05,Soclly,356
2025-06-05,Firefly,158
2025-06-05,Bonsai,42
2025-06-05,Fountain,33
2025-06-05,bloomers.tv,17
2025-06-05,Focalize,1
2025-06-05,Rekt News,1
2025-06-05,Lens Box,1
2025-06-04,Hey,3878
2025-06-04,Orb,375
2025-06-04,Soclly,344
2025-06-04,Firefly,174
2025-06-04,Bonsai,77
2025-06-04,Fountain,66
2025-06-04,bloomers.tv,10
2025-06-04,Focalize,8
2025-06-04,Bad Art,3
2025-06-04,Lens Box,2
2025-06-04,Believr,2
2025-06-03,Hey,4440
2025-06-03,Orb,419
2025-06-03,Soclly,409
2025-06-03,Firefly,178
2025-06-03,Bonsai,85
2025-06-03,Fountain,63
2025-06-03,bloomers.tv,8
2025-06-03,Bad Art,6
2025-06-03,vellu,3
2025-06-03,Focalize,3
2025-06-03,Lens Box,2
2025-06-03,optic,1
2025-06-03,Believr,1
2025-06-03,Lens Prophet Lab,1
2025-06-02,Hey,3924
2025-06-02,Soclly,834
2025-06-02,Orb,448
2025-06-02,Firefly,97
2025-06-02,Bonsai,60
2025-06-02,Fountain,39
2025-06-02,Lens Box,11
2025-06-02,bloomers.tv,8
2025-06-02,vellu,5
2025-06-02,Focalize,2
2025-06-01,Hey,3558
2025-06-01,Orb,437
2025-06-01,Soclly,259
2025-06-01,Firefly,230
2025-06-01,Bonsai,53
2025-06-01,Fountain,23
2025-06-01,bloomers.tv,8
2025-06-01,vellu,4
2025-06-01,Lens Box,2
2025-06-01,optic,1
2025-06-01,Focalize,1
2025-05-31,Hey,3876
2025-05-31,Soclly,639
2025-05-31,Orb,377
2025-05-31,Firefly,114
2025-05-31,Bonsai,57
2025-05-31,Fountain,29
2025-05-31,Lens Box,5
2025-05-31,bloomers.tv,5
2025-05-31,Focalize,3
2025-05-31,Bad Art,2
2025-05-31,lora,2
2025-05-30,Hey,4191
2025-05-30,Soclly,426
2025-05-30,Orb,369
2025-05-30,Firefly,172
2025-05-30,Bonsai,63
2025-05-30,Fountain,42
2025-05-30,bloomers.tv,11
2025-05-30,Lens Box,4
2025-05-30,Focalize,1
2025-05-30,Rekt News,1
2025-05-30,Bad Art,1
2025-05-29,Hey,4808
2025-05-29,Soclly,434
2025-05-29,Orb,384
2025-05-29,Firefly,166
2025-05-29,Bonsai,72
2025-05-29,Fountain,38
2025-05-29,Bad Art,4
2025-05-29,Lens Box,3
2025-05-29,bloomers.tv,1
2025-05-28,Hey,4560
2025-05-28,Soclly,449
2025-05-28,Orb,417
2025-05-28,Firefly,107
2025-05-28,Bonsai,95
2025-05-28,Fountain,32
2025-05-28,TraderCloneWars,9
2025-05-28,Bad Art,4
2025-05-28,Lens Box,2
2025-05-28,bloomers.tv,1
2025-05-28,optic,1
2025-05-28,mrred,1
2025-05-28,Believr,1
2025-05-28,lora,1
2025-05-28,Lens Spaces,1
2025-05-27,Hey,4361
2025-05-27,Orb,458
2025-05-27,Soclly,438
2025-05-27,Bonsai,199
2025-05-27,Fountain,140
2025-05-27,Firefly,138
2025-05-27,Lens Box,13
2025-05-27,Bad Art,4
2025-05-27,optic,3
2025-05-27,lora,2
2025-05-27,Lens Prophet Lab,1
2025-05-27,Rekt News,1
2025-05-27,Focalize,1
2025-05-26,Hey,4905
2025-05-26,Orb,406
2025-05-26,Soclly,399
2025-05-26,Bonsai,130
2025-05-26,Firefly,127
2025-05-26,Fountain,89
2025-05-26,lora,7
2025-05-26,Bad Art,7
2025-05-26,Focalize,7
2025-05-26,Lens Box,5
2025-05-26,optic,3
2025-05-26,Believr,1
2025-05-25,Hey,3955
2025-05-25,Orb,298
2025-05-25,Soclly,282
2025-05-25,Bonsai,97
2025-05-25,Fountain,91
2025-05-25,Firefly,34
2025-05-25,lora,3
2025-05-25,bloomers.tv,2
2025-05-25,Bad Art,2
2025-05-25,vellu,1
2025-05-24,Hey,4437
2025-05-24,Orb,382
2025-05-24,Soclly,225
2025-05-24,Bonsai,82
2025-05-24,Fountain,66
2025-05-24,Firefly,26
2025-05-24,Bad Art,7
2025-05-24,lora,4
2025-05-24,bloomers.tv,1
2025-05-24,Lens Spaces,1
2025-05-23,Hey,4544
2025-05-23,Orb,432
2025-05-23,Soclly,312
2025-05-23,Bonsai,85
2025-05-23,Firefly,70
2025-05-23,Fountain,41
2025-05-23,Bad Art,9
2025-05-23,lora,5
2025-05-23,optic,3
2025-05-23,Believr,3
2025-05-23,test,2
2025-05-23,Rekt News,1
2025-05-22,Hey,5339
2025-05-22,Soclly,397
2025-05-22,Orb,396
2025-05-22,Bonsai,105
2025-05-22,Fountain,91
2025-05-22,Firefly,56
2025-05-22,Bad Art,19
2025-05-22,lora,2
2025-05-22,optic,2
2025-05-22,bloomers.tv,1
2025-05-21,Hey,4809
2025-05-21,Orb,414
2025-05-21,Soclly,284
2025-05-21,Bonsai,148
2025-05-21,Firefly,115
2025-05-21,Fountain,111
2025-05-21,Bad Art,37
2025-05-21,lora,12
2025-05-21,bloomers.tv,6
2025-05-21,optic,3
2025-05-21,Clash of Lens,1
2025-05-21,Pinkcollar,1
2025-05-21,Rekt News,1
2025-05-20,Hey,5140
2025-05-20,Orb,389
2025-05-20,Soclly,331
2025-05-20,Bonsai,88
2025-05-20,Clash of Lens,83
2025-05-20,Fountain,64
2025-05-20,Firefly,63
2025-05-20,Ragnet,18
2025-05-20,Bad Art,14
2025-05-20,DriveLens,13
2025-05-20,Lens Jobs,10
2025-05-20,lora,7
2025-05-20,optic,5
2025-05-20,mrred,4
2025-05-20,bloomers.tv,3
2025-05-20,Lens Spaces,2
2025-05-20,Believr,2
2025-05-20,Pinkcollar,1
2025-05-19,Hey,4905
2025-05-19,Orb,311
2025-05-19,Soclly,270
2025-05-19,Bonsai,163
2025-05-19,Firefly,69
2025-05-19,Fountain,69
2025-05-19,Lens Spaces,11
2025-05-19,lensforum,9
2025-05-19,Believr,7
2025-05-19,bloomers.tv,4
2025-05-19,mrred,4
2025-05-19,Lens Prophet Lab,3
2025-05-19,Bad Art,3
2025-05-19,Focalize,1
2025-05-19,optic,1
2025-05-18,Hey,4208
2025-05-18,Orb,333
2025-05-18,Soclly,240
2025-05-18,Bonsai,111
2025-05-18,Firefly,53
2025-05-18,Fountain,40
2025-05-18,mrred,6
2025-05-18,optic,5
2025-05-18,Lens Prophet Lab,3
2025-05-18,bloomers.tv,3
2025-05-18,Bad Art,1
2025-05-17,Hey,4227
2025-05-17,Orb,295
2025-05-17,Soclly,288
2025-05-17,Bonsai,84
2025-05-17,Fountain,67
2025-05-17,Firefly,37
2025-05-17,optic,16
2025-05-17,Test,4
2025-05-17,bloomers.tv,3
2025-05-16,Hey,4426
2025-05-16,Soclly,445
2025-05-16,Orb,389
2025-05-16,Bonsai,102
2025-05-16,Fountain,73
2025-05-16,Firefly,31
2025-05-16,bloomers.tv,8
2025-05-16,Test,3
2025-05-16,mrred,2
2025-05-16,Rekt News,1
2025-05-15,Hey,4966
2025-05-15,Orb,391
2025-05-15,Soclly,347
2025-05-15,Bonsai,148
2025-05-15,Fountain,97
2025-05-15,Firefly,8
2025-05-15,bloomers.tv,5
2025-05-15,optic,3
2025-05-14,Hey,4867
2025-05-14,Orb,341
2025-05-14,Soclly,322
2025-05-14,Bonsai,139
2025-05-14,Fountain,98
2025-05-14,bloomers.tv,5
2025-05-14,Rekt News,1
2025-05-13,Hey,5430
2025-05-13,Soclly,357
2025-05-13,Orb,338
2025-05-13,Bonsai,161
2025-05-13,Fountain,99
2025-05-13,mrred,5
2025-05-13,bloomers.tv,3
2025-05-13,Rekt News,1
2025-05-12,Hey,5541
2025-05-12,Orb,340
2025-05-12,Soclly,323
2025-05-12,Bonsai,122
2025-05-12,Fountain,51
2025-05-12,mrred,15
2025-05-12,test,9
2025-05-11,Hey,5068
2025-05-11,Orb,333
2025-05-11,Soclly,266
2025-05-11,Bonsai,126
2025-05-11,Fountain,43
2025-05-11,mrred,2
2025-05-10,Hey,4911
2025-05-10,Orb,333
2025-05-10,Soclly,148
2025-05-10,Bonsai,120
2025-05-10,Fountain,27
2025-05-10,mrred,11
2025-05-09,Hey,5851
2025-05-09,Soclly,405
2025-05-09,Orb,297
2025-05-09,Bonsai,188
2025-05-09,Fountain,55
2025-05-08,Hey,5172
2025-05-08,Orb,314
2025-05-08,Soclly,246
2025-05-08,Bonsai,106
2025-05-08,Fountain,78
2025-05-07,Hey,5935
2025-05-07,Orb,348
2025-05-07,Soclly,196
2025-05-07,Bonsai,106
2025-05-07,Fountain,56
2025-05-07,Rekt News,1
2025-05-06,Hey,6164
2025-05-06,Soclly,1069
2025-05-06,Orb,314
2025-05-06,Bonsai,108
2025-05-06,Fountain,66
2025-05-06,Rekt News,1
2025-05-05,Hey,5321
2025-05-05,Orb,342
2025-05-05,Bonsai,170
2025-05-05,Soclly,147
2025-05-05,Fountain,62
2025-05-04,Hey,4876
2025-05-04,Orb,1266
2025-05-04,Bonsai,135
2025-05-04,Soclly,119
2025-05-04,Fountain,28
2025-05-03,Hey,5578
2025-05-03,Orb,425
2025-05-03,Bonsai,201
2025-05-03,Soclly,115
2025-05-03,Fountain,77
2025-05-03,vellu,1
2025-05-02,Hey,5219
2025-05-02,Orb,301
2025-05-02,Bonsai,174
2025-05-02,Soclly,133
2025-05-02,Fountain,45
2025-05-01,Hey,4605
2025-05-01,Orb,290
2025-05-01,Bonsai,180
2025-05-01,Soclly,134
2025-05-01,Fountain,34
2025-05-01,Rekt News,1