publication_date,app_name,unique_users_count
2025-08-31,Orb,75
2025-08-31,Hey,38
2025-08-31,Soclly,15
2025-08-31,Firefly,10
2025-08-31,Wooo,1
2025-08-30,Orb,79
2025-08-30,Hey,32
2025-08-30,Soclly,14
2025-08-30,Firefly,9
2025-08-30,Lens Box,1
2025-08-30,Fountain,1
2025-08-29,Orb,86
2025-08-29,Hey,40
2025-08-29,Soclly,13
2025-08-29,Firefly,11
2025-08-29,Fountain,2
2025-08-29,Wooo,1
2025-08-29,Lens Box,1
2025-08-29,LensForum,1
2025-08-28,Orb,87
2025-08-28,Hey,47
2025-08-28,Soclly,16
2025-08-28,Firefly,12
2025-08-28,Wooo,2
2025-08-28,LensForum,1
2025-08-28,Rekt News,1
2025-08-28,Lens Box,1
2025-08-28,bloomers.tv,1
2025-08-27,Orb,80
2025-08-27,Hey,36
2025-08-27,Soclly,20
2025-08-27,Firefly,10
2025-08-27,Wooo,2
2025-08-27,Bad Art,2
2025-08-27,LensForum,1
2025-08-27,Lens Box,1
2025-08-27,Fountain,1
2025-08-26,Orb,85
2025-08-26,Hey,39
2025-08-26,Soclly,17
2025-08-26,Firefly,13
2025-08-26,Wooo,3
2025-08-26,Rekt News,1
2025-08-26,LensForum,1
2025-08-26,Lens Box,1
2025-08-25,Orb,78
2025-08-25,Hey,47
2025-08-25,Firefly,15
2025-08-25,Soclly,11
2025-08-25,LensForum,2
2025-08-24,Orb,89
2025-08-24,Hey,33
2025-08-24,Soclly,15
2025-08-24,Firefly,12
2025-08-24,Wooo,3
2025-08-24,Fountain,1
2025-08-24,bloomers.tv,1
2025-08-23,Orb,98
2025-08-23,Hey,36
2025-08-23,Soclly,16
2025-08-23,Firefly,13
2025-08-23,Wooo,2
2025-08-23,Lens Box,2
2025-08-23,Bonsai,1
2025-08-23,bloomers.tv,1
2025-08-23,LensForum,1
2025-08-22,Orb,92
2025-08-22,Hey,55
2025-08-22,Soclly,24
2025-08-22,Firefly,13
2025-08-22,Fountain,2
2025-08-22,Bonsai,2
2025-08-22,LensForum,2
2025-08-22,Wooo,1
2025-08-22,Lens Box,1
2025-08-22,Rekt News,1
2025-08-21,Orb,80
2025-08-21,Hey,46
2025-08-21,Soclly,18
2025-08-21,Firefly,10
2025-08-21,Fountain,2
2025-08-21,Wooo,2
2025-08-21,Bonsai,1
2025-08-21,LensForum,1
2025-08-20,Orb,73
2025-08-20,Hey,50
2025-08-20,Soclly,15
2025-08-20,Firefly,14
2025-08-20,Lens Box,3
2025-08-20,Wooo,2
2025-08-20,Bad Art,1
2025-08-20,LensForum,1
2025-08-20,Rekt News,1
2025-08-19,Orb,67
2025-08-19,Hey,44
2025-08-19,Firefly,15
2025-08-19,Soclly,12
2025-08-19,Fountain,1
2025-08-19,Rekt News,1
2025-08-19,Wooo,1
2025-08-19,Bonsai,1
2025-08-18,Orb,82
2025-08-18,Hey,54
2025-08-18,Soclly,20
2025-08-18,Firefly,14
2025-08-18,Lens Box,3
2025-08-18,Wooo,2
2025-08-18,Bad Art,1
2025-08-18,LensForum,1
2025-08-17,Orb,80
2025-08-17,Hey,41
2025-08-17,Firefly,13
2025-08-17,Soclly,13
2025-08-17,Lens Box,2
2025-08-16,Orb,88
2025-08-16,Hey,47
2025-08-16,Firefly,14
2025-08-16,Soclly,10
2025-08-16,Lens Box,3
2025-08-16,Fountain,1
2025-08-16,Wooo,1
2025-08-15,Orb,88
2025-08-15,Hey,55
2025-08-15,Soclly,13
2025-08-15,Firefly,11
2025-08-15,Wooo,3
2025-08-15,Fountain,3
2025-08-15,Lens Box,1
2025-08-15,Rekt News,1
2025-08-15,bloomers.tv,1
2025-08-14,Orb,84
2025-08-14,Hey,60
2025-08-14,Soclly,17
2025-08-14,Firefly,12
2025-08-14,Fountain,2
2025-08-14,Wooo,1
2025-08-14,Rekt News,1
2025-08-14,bloomers.tv,1
2025-08-14,Bonsai,1
2025-08-13,Orb,93
2025-08-13,Hey,60
2025-08-13,Firefly,15
2025-08-13,Soclly,14
2025-08-13,Wooo,5
2025-08-13,Lens Box,1
2025-08-13,Fountain,1
2025-08-13,Bad Art,1
2025-08-12,Orb,85
2025-08-12,Hey,57
2025-08-12,Soclly,19
2025-08-12,Firefly,10
2025-08-12,Lens Box,2
2025-08-12,Wooo,2
2025-08-12,Fountain,1
2025-08-12,Bonsai,1
2025-08-12,LensForum,1
2025-08-11,Orb,88
2025-08-11,Hey,53
2025-08-11,Firefly,13
2025-08-11,Soclly,9
2025-08-11,Bonsai,2
2025-08-11,bloomers.tv,1
2025-08-11,Fountain,1
2025-08-11,Wooo,1
2025-08-10,Orb,82
2025-08-10,Hey,60
2025-08-10,Soclly,13
2025-08-10,Firefly,13
2025-08-10,Wooo,2
2025-08-10,Fountain,1
2025-08-09,Orb,85
2025-08-09,Hey,49
2025-08-09,Soclly,15
2025-08-09,Firefly,13
2025-08-09,Wooo,4
2025-08-09,Lens Box,2
2025-08-09,Fountain,1
2025-08-09,Bonsai,1
2025-08-08,Orb,83
2025-08-08,Hey,68
2025-08-08,Soclly,18
2025-08-08,Firefly,17
2025-08-08,Wooo,2
2025-08-08,Lens Box,1
2025-08-08,bloomers.tv,1
2025-08-07,Orb,61
2025-08-07,Hey,44
2025-08-07,Firefly,15
2025-08-07,Soclly,13
2025-08-07,Rekt News,1
2025-08-06,Orb,60
2025-08-06,Hey,40
2025-08-06,Soclly,11
2025-08-06,Firefly,9
2025-08-06,Bonsai,1
2025-08-05,Orb,50
2025-08-05,Hey,38
2025-08-05,Firefly,12
2025-08-05,Soclly,12
2025-08-05,Bonsai,2
2025-08-05,Fountain,1
2025-08-05,Rekt News,1
2025-08-04,Orb,45
2025-08-04,Hey,39
2025-08-04,Firefly,13
2025-08-04,Soclly,10
2025-08-04,Bonsai,2
2025-08-04,Fountain,2
2025-08-04,Rekt News,1
2025-08-04,Bad Art,1
2025-08-03,Orb,43
2025-08-03,Hey,27
2025-08-03,Firefly,13
2025-08-03,Soclly,10
2025-08-03,Bonsai,2
2025-08-03,Lens Box,1
2025-08-02,Orb,48
2025-08-02,Hey,31
2025-08-02,Soclly,11
2025-08-02,Firefly,10
2025-08-02,Fountain,2
2025-08-02,Bonsai,2
2025-08-02,Bad Art,1
2025-08-01,Orb,49
2025-08-01,Hey,38
2025-08-01,Firefly,11
2025-08-01,Soclly,6
2025-08-01,Bonsai,1
2025-08-01,Fountain,1
2025-07-31,Orb,58
2025-07-31,Hey,42
2025-07-31,Firefly,13
2025-07-31,Soclly,7
2025-07-31,bloomers.tv,1
2025-07-31,Fountain,1
2025-07-31,Lens Box,1
2025-07-30,Orb,59
2025-07-30,Hey,49
2025-07-30,Firefly,12
2025-07-30,Soclly,10
2025-07-30,Bonsai,1
2025-07-30,Lens Box,1
2025-07-30,Rekt News,1
2025-07-29,Orb,54
2025-07-29,Hey,38
2025-07-29,Firefly,15
2025-07-29,Soclly,12
2025-07-29,Lens Box,2
2025-07-29,Bad Art,1
2025-07-29,Bonsai,1
2025-07-28,Orb,57
2025-07-28,Hey,42
2025-07-28,Firefly,11
2025-07-28,Soclly,11
2025-07-28,Lens Box,2
2025-07-28,Rekt News,1
2025-07-28,Believr,1
2025-07-28,Bad Art,1
2025-07-27,Orb,44
2025-07-27,Hey,27
2025-07-27,Firefly,12
2025-07-27,Soclly,10
2025-07-27,Fountain,2
2025-07-27,bloomers.tv,1
2025-07-27,Lens Box,1
2025-07-27,w3rk-test,1
2025-07-26,Orb,48
2025-07-26,Hey,35
2025-07-26,Soclly,12
2025-07-26,Firefly,9
2025-07-26,Bonsai,2
2025-07-26,bloomers.tv,1
2025-07-25,Orb,55
2025-07-25,Hey,37
2025-07-25,Soclly,12
2025-07-25,Firefly,9
2025-07-25,Fountain,5
2025-07-25,Lens Box,3
2025-07-25,Bonsai,2
2025-07-25,LensForum,1
2025-07-24,Orb,60
2025-07-24,Hey,46
2025-07-24,Firefly,13
2025-07-24,Soclly,10
2025-07-24,Bonsai,4
2025-07-24,Lens Box,2
2025-07-24,Fountain,2
2025-07-23,Orb,63
2025-07-23,Hey,38
2025-07-23,Soclly,12
2025-07-23,Firefly,10
2025-07-23,Lens Box,2
2025-07-23,w3rk-test,1
2025-07-23,Bonsai,1
2025-07-23,LensForum,1
2025-07-23,Fountain,1
2025-07-22,Orb,62
2025-07-22,Hey,54
2025-07-22,Soclly,12
2025-07-22,Firefly,10
2025-07-22,Fountain,4
2025-07-22,Bonsai,3
2025-07-22,Lens Box,2
2025-07-22,bloomers.tv,1
2025-07-22,Rekt News,1
2025-07-22,Bad Art,1
2025-07-21,Orb,51
2025-07-21,Hey,34
2025-07-21,Soclly,15
2025-07-21,Firefly,11
2025-07-21,Lens Box,5
2025-07-21,Bad Art,4
2025-07-21,Bonsai,2
2025-07-20,Orb,62
2025-07-20,Hey,39
2025-07-20,Soclly,12
2025-07-20,Firefly,12
2025-07-20,Lens Box,4
2025-07-20,Bonsai,3
2025-07-19,Orb,66
2025-07-19,Hey,37
2025-07-19,Firefly,12
2025-07-19,Soclly,12
2025-07-19,Fountain,2
2025-07-19,Lens Box,2
2025-07-19,Bonsai,1
2025-07-19,Bad Art,1
2025-07-18,Orb,70
2025-07-18,Hey,36
2025-07-18,Firefly,15
2025-07-18,Soclly,12
2025-07-18,Bonsai,2
2025-07-18,Fountain,2
2025-07-18,Rekt News,1
2025-07-17,Orb,70
2025-07-17,Hey,38
2025-07-17,Soclly,20
2025-07-17,Firefly,12
2025-07-17,Bonsai,4
2025-07-17,Fountain,2
2025-07-17,w3rk-test,1
2025-07-17,Rekt News,1
2025-07-17,Lens Box,1
2025-07-16,Orb,69
2025-07-16,Hey,44
2025-07-16,Soclly,13
2025-07-16,Firefly,12
2025-07-16,Lens Box,4
2025-07-16,Bonsai,4
2025-07-16,Fountain,3
2025-07-15,Orb,78
2025-07-15,Hey,50
2025-07-15,Soclly,18
2025-07-15,Firefly,17
2025-07-15,Bonsai,4
2025-07-15,Fountain,2
2025-07-15,Rekt News,1
2025-07-15,Lens Box,1
2025-07-14,Orb,56
2025-07-14,Hey,51
2025-07-14,Soclly,21
2025-07-14,Firefly,15
2025-07-14,Lens Box,3
2025-07-14,LensForum,2
2025-07-14,Fountain,1
2025-07-14,Bonsai,1
2025-07-13,Orb,63
2025-07-13,Hey,35
2025-07-13,Soclly,17
2025-07-13,Firefly,9
2025-07-13,Lens Box,5
2025-07-13,LensForum,3
2025-07-13,Bonsai,1
2025-07-13,Fountain,1
2025-07-12,Orb,56
2025-07-12,Hey,43
2025-07-12,Soclly,17
2025-07-12,Firefly,10
2025-07-12,Lens Box,3
2025-07-12,Bonsai,1
2025-07-12,Fountain,1
2025-07-11,Orb,71
2025-07-11,Hey,46
2025-07-11,Soclly,20
2025-07-11,Firefly,16
2025-07-11,LensForum,4
2025-07-11,Lens Box,3
2025-07-11,Fountain,2
2025-07-11,Bonsai,1
2025-07-11,Rekt News,1
2025-07-10,Orb,65
2025-07-10,Hey,46
2025-07-10,Soclly,24
2025-07-10,Firefly,18
2025-07-10,LensForum,5
2025-07-10,Fountain,2
2025-07-10,Bonsai,2
2025-07-10,Lens Box,2
2025-07-09,Orb,54
2025-07-09,Hey,48
2025-07-09,Soclly,14
2025-07-09,Firefly,13
2025-07-09,Bonsai,3
2025-07-09,Rekt News,1
2025-07-09,LensForum,1
2025-07-08,Orb,69
2025-07-08,Hey,53
2025-07-08,Firefly,15
2025-07-08,Soclly,13
2025-07-08,Bonsai,2
2025-07-08,bloomers.tv,1
2025-07-08,Lens Box,1
2025-07-07,Orb,57
2025-07-07,Hey,52
2025-07-07,Soclly,10
2025-07-07,Firefly,10
2025-07-07,Bonsai,2
2025-07-07,Fountain,1
2025-07-07,Lens Box,1
2025-07-07,w3rk-test,1
2025-07-06,Orb,48
2025-07-06,Hey,37
2025-07-06,Firefly,13
2025-07-06,Soclly,7
2025-07-06,Bonsai,2
2025-07-06,Fountain,2
2025-07-06,Lens Box,1
2025-07-05,Orb,54
2025-07-05,Hey,42
2025-07-05,Soclly,14
2025-07-05,Firefly,8
2025-07-05,Bonsai,3
2025-07-05,Lens Box,1
2025-07-04,Hey,49
2025-07-04,Orb,43
2025-07-04,Firefly,15
2025-07-04,Soclly,14
2025-07-04,Lens Box,4
2025-07-04,Fountain,3
2025-07-04,Bonsai,3
2025-07-03,Orb,60
2025-07-03,Hey,55
2025-07-03,Soclly,21
2025-07-03,Firefly,11
2025-07-03,Bonsai,5
2025-07-03,Lens Box,1
2025-07-03,bloomers.tv,1
2025-07-03,Fountain,1
2025-07-03,Rekt News,1
2025-07-02,Orb,59
2025-07-02,Hey,51
2025-07-02,Soclly,16
2025-07-02,Firefly,14
2025-07-02,Bonsai,6
2025-07-02,Fountain,4
2025-07-02,Lens Box,3
2025-07-02,Rekt News,1
2025-07-02,bloomers.tv,1
2025-07-01,Orb,55
2025-07-01,Hey,51
2025-07-01,Soclly,20
2025-07-01,Firefly,15
2025-07-01,Bonsai,6
2025-07-01,Fountain,4
2025-07-01,Lens Box,2
2025-07-01,w3rk-test,1
2025-07-01,bloomers.tv,1
2025-06-30,Hey,53
2025-06-30,Orb,53
2025-06-30,Soclly,15
2025-06-30,Firefly,13
2025-06-30,Fountain,5
2025-06-30,Bonsai,3
2025-06-30,Lens Box,3
2025-06-30,bloomers.tv,1
2025-06-29,Orb,57
2025-06-29,Hey,52
2025-06-29,Firefly,13
2025-06-29,Soclly,13
2025-06-29,Bonsai,3
2025-06-28,Orb,44
2025-06-28,Hey,38
2025-06-28,Soclly,17
2025-06-28,Firefly,13
2025-06-28,Bonsai,3
2025-06-27,Orb,55
2025-06-27,Hey,50
2025-06-27,Soclly,20
2025-06-27,Firefly,15
2025-06-27,Bonsai,5
2025-06-27,bloomers.tv,1
2025-06-27,Fountain,1
2025-06-27,Rekt News,1
2025-06-27,Lens Box,1
2025-06-26,Orb,59
2025-06-26,Hey,55
2025-06-26,Soclly,15
2025-06-26,Firefly,14
2025-06-26,Bonsai,8
2025-06-26,Fountain,3
2025-06-26,Lens Box,1
2025-06-25,Orb,61
2025-06-25,Hey,47
2025-06-25,Soclly,19
2025-06-25,Firefly,12
2025-06-25,Bonsai,10
2025-06-25,bloomers.tv,2
2025-06-25,Lens Box,2
2025-06-25,Fountain,1
2025-06-25,Focalize,1
2025-06-24,Orb,63
2025-06-24,Hey,58
2025-06-24,Soclly,15
2025-06-24,Firefly,11
2025-06-24,Fountain,5
2025-06-24,LensForumV1,1
2025-06-24,Rekt News,1
2025-06-23,Orb,60
2025-06-23,Hey,46
2025-06-23,Firefly,17
2025-06-23,Soclly,15
2025-06-23,Bonsai,2
2025-06-23,Fountain,1
2025-06-23,LensForumV1,1
2025-06-22,Orb,53
2025-06-22,Hey,48
2025-06-22,Soclly,16
2025-06-22,Firefly,8
2025-06-22,Fountain,3
2025-06-21,Orb,61
2025-06-21,Hey,55
2025-06-21,Soclly,13
2025-06-21,Firefly,9
2025-06-21,Fountain,3
2025-06-21,bloomers.tv,1
2025-06-21,Bonsai,1
2025-06-20,Orb,72
2025-06-20,Hey,59
2025-06-20,Soclly,17
2025-06-20,Firefly,11
2025-06-20,Fountain,3
2025-06-20,Lens Box,1
2025-06-20,Bonsai,1
2025-06-19,Hey,67
2025-06-19,Orb,65
2025-06-19,Soclly,14
2025-06-19,Firefly,13
2025-06-19,Fountain,4
2025-06-18,Orb,55
2025-06-18,Hey,54
2025-06-18,Soclly,14
2025-06-18,Firefly,11
2025-06-18,Fountain,3
2025-06-18,vellu,1
2025-06-17,Orb,69
2025-06-17,Hey,62
2025-06-17,Soclly,13
2025-06-17,Firefly,11
2025-06-17,Fountain,2
2025-06-17,Bonsai,2
2025-06-17,Bad Art,1
2025-06-17,bloomers.tv,1
2025-06-16,Orb,76
2025-06-16,Hey,64
2025-06-16,Firefly,13
2025-06-16,Soclly,12
2025-06-16,Fountain,4
2025-06-16,Bonsai,2
2025-06-16,Focalize,1
2025-06-16,Lens Box,1
2025-06-16,bloomers.tv,1
2025-06-16,Bad Art,1
2025-06-15,Orb,54
2025-06-15,Hey,45
2025-06-15,Soclly,10
2025-06-15,Firefly,10
2025-06-15,Fountain,2
2025-06-15,Lens Box,2
2025-06-15,Bonsai,2
2025-06-14,Orb,59
2025-06-14,Hey,50
2025-06-14,Soclly,15
2025-06-14,Firefly,13
2025-06-14,Fountain,3
2025-06-14,Bonsai,1
2025-06-13,Orb,60
2025-06-13,Hey,50
2025-06-13,Soclly,17
2025-06-13,Firefly,11
2025-06-13,Fountain,2
2025-06-13,bloomers.tv,1
2025-06-13,Rekt News,1
2025-06-13,Lens Box,1
2025-06-12,Hey,73
2025-06-12,Orb,56
2025-06-12,Soclly,18
2025-06-12,Firefly,10
2025-06-12,bloomers.tv,3
2025-06-12,Bonsai,2
2025-06-12,Fountain,1
2025-06-11,Orb,78
2025-06-11,Hey,76
2025-06-11,Soclly,20
2025-06-11,Firefly,13
2025-06-11,Bonsai,1
2025-06-11,Lens Box,1
2025-06-11,Fountain,1
2025-06-10,Hey,74
2025-06-10,Orb,71
2025-06-10,Soclly,16
2025-06-10,Firefly,14
2025-06-10,Bonsai,5
2025-06-10,Lens Box,1
2025-06-10,Fountain,1
2025-06-10,bloomers.tv,1
2025-06-09,Orb,64
2025-06-09,Hey,61
2025-06-09,Soclly,14
2025-06-09,Firefly,13
2025-06-09,bloomers.tv,2
2025-06-09,Bonsai,1
2025-06-09,Lens Box,1
2025-06-09,Fountain,1
2025-06-09,Rekt News,1
2025-06-08,Orb,62
2025-06-08,Hey,52
2025-06-08,Soclly,13
2025-06-08,Firefly,12
2025-06-08,Bonsai,2
2025-06-08,Lens Box,1
2025-06-08,Fountain,1
2025-06-08,bloomers.tv,1
2025-06-07,Orb,69
2025-06-07,Hey,48
2025-06-07,Firefly,14
2025-06-07,Soclly,9
2025-06-07,Fountain,4
2025-06-07,bloomers.tv,1
2025-06-07,Lens Box,1
2025-06-07,Focalize,1
2025-06-07,Bonsai,1
2025-06-06,Orb,82
2025-06-06,Hey,69
2025-06-06,Soclly,15
2025-06-06,Firefly,14
2025-06-06,Fountain,4
2025-06-06,Rekt News,1
2025-06-06,Bonsai,1
2025-06-05,Orb,87
2025-06-05,Hey,69
2025-06-05,Soclly,16
2025-06-05,Firefly,14
2025-06-05,Bonsai,6
2025-06-05,Fountain,5
2025-06-05,bloomers.tv,3
2025-06-05,Focalize,1
2025-06-05,Rekt News,1
2025-06-04,Orb,75
2025-06-04,Hey,66
2025-06-04,Firefly,18
2025-06-04,Soclly,17
2025-06-04,Bonsai,3
2025-06-04,Fountain,3
2025-06-04,Focalize,1
2025-06-04,Lens Box,1
2025-06-04,bloomers.tv,1
2025-06-03,Orb,80
2025-06-03,Hey,73
2025-06-03,Soclly,14
2025-06-03,Firefly,9
2025-06-03,Fountain,2
2025-06-03,Bad Art,1
2025-06-03,Lens Box,1
2025-06-03,Bonsai,1
2025-06-02,Orb,68
2025-06-02,Hey,64
2025-06-02,Soclly,16
2025-06-02,Firefly,15
2025-06-02,Fountain,5
2025-06-02,vellu,2
2025-06-02,Lens Box,2
2025-06-01,Orb,69
2025-06-01,Hey,51
2025-06-01,Firefly,12
2025-06-01,Soclly,10
2025-06-01,Lens Box,2
2025-06-01,vellu,1
2025-06-01,Fountain,1
2025-06-01,bloomers.tv,1
2025-05-31,Orb,69
2025-05-31,Hey,53
2025-05-31,Soclly,16
2025-05-31,Firefly,8
2025-05-31,Lens Box,2
2025-05-31,Bad Art,1
2025-05-30,Hey,68
2025-05-30,Orb,66
2025-05-30,Soclly,17
2025-05-30,Lens Box,3
2025-05-30,Firefly,1
2025-05-30,Rekt News,1
2025-05-29,Hey,76
2025-05-29,Orb,71
2025-05-29,Soclly,16
2025-05-29,Firefly,3
2025-05-29,Bad Art,3
2025-05-29,Bonsai,3
2025-05-29,Fountain,2
2025-05-29,bloomers.tv,1
2025-05-29,Lens Box,1
2025-05-28,Hey,75
2025-05-28,Orb,60
2025-05-28,Soclly,22
2025-05-28,Bonsai,6
2025-05-28,Fountain,5
2025-05-28,Bad Art,2
2025-05-28,Firefly,1
2025-05-28,bloomers.tv,1
2025-05-28,Lens Box,1
2025-05-27,Orb,71
2025-05-27,Hey,68
2025-05-27,Soclly,22
2025-05-27,Bonsai,8
2025-05-27,Fountain,4
2025-05-27,Lens Box,3
2025-05-27,Bad Art,2
2025-05-27,optic,1
2025-05-27,Firefly,1
2025-05-27,Rekt News,1
2025-05-26,Hey,74
2025-05-26,Orb,62
2025-05-26,Soclly,23
2025-05-26,Focalize,6
2025-05-26,Bonsai,4
2025-05-26,Firefly,3
2025-05-26,Fountain,2
2025-05-26,Bad Art,2
2025-05-26,Lens Box,1
2025-05-26,lora,1
2025-05-26,optic,1
2025-05-25,Hey,73
2025-05-25,Orb,58
2025-05-25,Soclly,11
2025-05-25,Fountain,3
2025-05-25,Firefly,3
2025-05-25,bloomers.tv,2
2025-05-25,lora,1
2025-05-25,Bonsai,1
2025-05-25,vellu,1
2025-05-24,Orb,68
2025-05-24,Hey,60
2025-05-24,Soclly,11
2025-05-24,Bonsai,6
2025-05-24,Firefly,3
2025-05-24,Fountain,2
2025-05-24,Bad Art,2
2025-05-24,lora,1
2025-05-24,Lens Spaces,1
2025-05-24,bloomers.tv,1
2025-05-23,Hey,83
2025-05-23,Orb,73
2025-05-23,Soclly,15
2025-05-23,Bonsai,5
2025-05-23,Bad Art,3
2025-05-23,Firefly,3
2025-05-23,optic,2
2025-05-23,Rekt News,1
2025-05-23,Fountain,1
2025-05-23,lora,1
2025-05-23,test,1
2025-05-22,Hey,83
2025-05-22,Orb,69
2025-05-22,Soclly,14
2025-05-22,Fountain,8
2025-05-22,Firefly,6
2025-05-22,Bonsai,6
2025-05-22,Bad Art,6
2025-05-22,lora,1
2025-05-22,bloomers.tv,1
2025-05-21,Hey,94
2025-05-21,Orb,62
2025-05-21,Soclly,14
2025-05-21,Bad Art,10
2025-05-21,Bonsai,9
2025-05-21,Firefly,5
2025-05-21,Fountain,5
2025-05-21,lora,4
2025-05-21,bloomers.tv,2
2025-05-21,Rekt News,1
2025-05-20,Hey,88
2025-05-20,Orb,59
2025-05-20,Soclly,13
2025-05-20,Bonsai,8
2025-05-20,Fountain,5
2025-05-20,Bad Art,3
2025-05-20,optic,2
2025-05-20,lora,2
2025-05-20,bloomers.tv,1
2025-05-20,Firefly,1
2025-05-20,Lens Spaces,1
2025-05-19,Hey,82
2025-05-19,Orb,64
2025-05-19,Soclly,17
2025-05-19,Bonsai,4
2025-05-19,Firefly,2
2025-05-19,Fountain,2
2025-05-19,bloomers.tv,1
2025-05-19,Focalize,1
2025-05-19,Lens Spaces,1
2025-05-19,Bad Art,1
2025-05-18,Hey,75
2025-05-18,Orb,57
2025-05-18,Soclly,12
2025-05-18,Bonsai,3
2025-05-18,Fountain,3
2025-05-18,optic,1
2025-05-18,bloomers.tv,1
2025-05-18,Bad Art,1
2025-05-17,Hey,71
2025-05-17,Orb,56
2025-05-17,Soclly,13
2025-05-17,Bonsai,6
2025-05-17,Fountain,3
2025-05-17,Firefly,3
2025-05-17,bloomers.tv,2
2025-05-17,optic,1
2025-05-16,Hey,79
2025-05-16,Orb,64
2025-05-16,Soclly,16
2025-05-16,Bonsai,7
2025-05-16,Fountain,6
2025-05-16,bloomers.tv,3
2025-05-16,Firefly,1
2025-05-16,Rekt News,1
2025-05-15,Hey,88
2025-05-15,Orb,65
2025-05-15,Soclly,11
2025-05-15,Bonsai,7
2025-05-15,bloomers.tv,3
2025-05-15,Fountain,3
2025-05-14,Hey,90
2025-05-14,Orb,64
2025-05-14,Soclly,10
2025-05-14,Bonsai,7
2025-05-14,Fountain,5
2025-05-14,bloomers.tv,2
2025-05-14,Rekt News,1
2025-05-13,Hey,104
2025-05-13,Orb,59
2025-05-13,Soclly,15
2025-05-13,Bonsai,8
2025-05-13,Fountain,6
2025-05-13,Rekt News,1
2025-05-13,bloomers.tv,1
2025-05-12,Hey,99
2025-05-12,Orb,68
2025-05-12,Soclly,14
2025-05-12,Bonsai,10
2025-05-12,Fountain,5
2025-05-11,Hey,77
2025-05-11,Orb,60
2025-05-11,Soclly,12
2025-05-11,Fountain,4
2025-05-11,Bonsai,1
2025-05-10,Hey,74
2025-05-10,Orb,61
2025-05-10,Soclly,7
2025-05-10,Bonsai,3
2025-05-10,Fountain,3
2025-05-09,Hey,101
2025-05-09,Orb,55
2025-05-09,Soclly,12
2025-05-09,Bonsai,8
2025-05-09,Fountain,5
2025-05-08,Hey,87
2025-05-08,Orb,54
2025-05-08,Soclly,13
2025-05-08,Bonsai,7
2025-05-08,Fountain,5
2025-05-07,Hey,96
2025-05-07,Orb,55
2025-05-07,Soclly,10
2025-05-07,Fountain,6
2025-05-07,Bonsai,4
2025-05-07,Rekt News,1
2025-05-06,Hey,106
2025-05-06,Orb,59
2025-05-06,Fountain,8
2025-05-06,Soclly,5
2025-05-06,Bonsai,4
2025-05-06,Rekt News,1
2025-05-05,Hey,99
2025-05-05,Orb,54
2025-05-05,Fountain,6
2025-05-05,Soclly,6
2025-05-05,Bonsai,6
2025-05-04,Hey,83
2025-05-04,Orb,54
2025-05-04,Soclly,6
2025-05-04,Bonsai,5
2025-05-04,Fountain,1
2025-05-03,Hey,79
2025-05-03,Orb,53
2025-05-03,Bonsai,9
2025-05-03,Soclly,6
2025-05-03,Fountain,4
2025-05-03,vellu,1
2025-05-02,Hey,95
2025-05-02,Orb,55
2025-05-02,Soclly,5
2025-05-02,Bonsai,5
2025-05-02,Fountain,3
2025-05-01,Hey,91
2025-05-01,Orb,48
2025-05-01,Soclly,7
2025-05-01,Bonsai,6
2025-05-01,Fountain,2
2025-05-01,Rekt News,1